,precision,recall,f1,support
"ADMINISTRAÇÃO PÚBLICA E DE EMPRESAS, CIÊNCIAS CONTÁBEIS E TURISMO",0.77405185343904,0.8203701600999205,0.7965382283225843,8807
ANTROPOLOGIA / ARQUEOLOGIA,0.6089918256130791,0.40161725067385445,0.4840281537628587,1113
"ARQUITETURA, URBANISMO E DESIGN",0.7249786142001711,0.6723522411741373,0.6976744186046512,2521
ARTES,0.8206583427922814,0.8459438377535101,0.8331092759746496,2564
ASTRONOMIA / FÍSICA,0.8254139668826493,0.7844680123161136,0.8044202771443606,2923
BIODIVERSIDADE,0.8431079566679118,0.8802652106084243,0.8612860141194428,5128
BIOTECNOLOGIA,0.5845040442741593,0.6446009389671361,0.613083277517303,2130
CIÊNCIA DE ALIMENTOS,0.7538531278331823,0.7579762989972653,0.7559090909090909,2194
CIÊNCIA POLÍTICA E RELAÇÕES INTERNACIONAIS,0.6170491803278688,0.5451911935110081,0.5788988003691172,1726
CIÊNCIAS AGRÁRIAS I,0.8676513458361675,0.9083418107833163,0.8875304408329606,9830
CIÊNCIAS AMBIENTAIS,0.6194512603167521,0.6410433979686058,0.6300623936471923,4332
CIÊNCIAS BIOLÓGICAS I,0.5938864628820961,0.5543478260869565,0.573436401967674,2944
CIÊNCIAS BIOLÓGICAS II,0.6574156968069234,0.6951719785421269,0.6757668711656442,3169
CIÊNCIAS BIOLÓGICAS III,0.611336032388664,0.5019946808510638,0.5512960934647682,1504
CIÊNCIAS DA RELIGIÃO E TEOLOGIA,0.7468671679197995,0.5549348230912476,0.6367521367521367,1074
CIÊNCIAS E HUMANIDADES PARA A EDUCAÇÃO BÁSICA,0.6190476190476191,0.23353293413173654,0.3391304347826087,501
COMPUTAÇÃO,0.8314917127071824,0.8733075435203095,0.8518867924528302,4136
"COMUNICAÇÃO, INFORMAÇÃO E MUSEOLOGIA",0.73997113997114,0.7610566933808252,0.7503658179689786,3369
DIREITO,0.8859562300670846,0.8924338096820649,0.8891832229580574,9027
ECONOMIA,0.7507530120481928,0.7111269614835949,0.7304029304029304,2804
EDUCAÇÃO,0.8346151029077858,0.8449503188491769,0.8397509119717013,13486
"EDUCAÇÃO FÍSICA, FISIOTERAPIA, FONOAUDIOLOGIA E TERAPIA OCUPACIONAL",0.6964185786233912,0.7239674229203025,0.7099258414147176,3438
ENFERMAGEM,0.7162231320368475,0.7313822837731905,0.7237233354880414,3827
ENGENHARIAS I,0.7314912465724531,0.7121149897330595,0.7216730829258142,4870
ENGENHARIAS II,0.6611570247933884,0.6482982171799028,0.6546644844517185,4319
ENGENHARIAS III,0.6447648697361953,0.6601241402449254,0.6523541114058355,5961
ENGENHARIAS IV,0.7260162601626017,0.7680068802408084,0.7464214815588758,4651
ENSINO,0.7752716270114152,0.8207629586488061,0.7973689794186293,6868
FARMÁCIA,0.6881129854845037,0.6628873771730914,0.675264677574591,2646
FILOSOFIA,0.7579514824797844,0.7657952069716776,0.7618531563261989,1836
GEOCIÊNCIAS,0.8105427974947808,0.7776664997496244,0.793764375159724,1997
GEOGRAFIA,0.7525519183386131,0.7220533603512327,0.7369872457773181,2961
HISTÓRIA,0.6575016237280796,0.7571677885814011,0.7038238702201622,4011
INTERDISCIPLINAR,0.693015279077019,0.6563792085056114,0.674199908994388,13544
LINGUÍSTICA E LITERATURA,0.9369896158886984,0.9552883132901634,0.9460504885993485,9729
MATEMÁTICA / PROBABILIDADE E ESTATÍSTICA,0.8819358816276203,0.8759951010410287,0.8789554531490016,3266
MATERIAIS,0.6554878048780488,0.6739811912225705,0.6646058732612056,1276
MEDICINA I,0.5017129153819802,0.5585430968726163,0.5286049449557841,5244
MEDICINA II,0.4754832626119755,0.4507262569832402,0.46277389009980496,4475
MEDICINA III,0.5482374768089053,0.3707653701380176,0.44236526946107785,1594
MEDICINA VETERINÁRIA,0.779559662951889,0.7682828824002143,0.7738801942795467,3733
NUTRIÇÃO,0.6151162790697674,0.4875576036866359,0.5439588688946015,1085
ODONTOLOGIA,0.8264895330112721,0.8058881256133464,0.8160588293749379,5095
PLANEJAMENTO URBANO E REGIONAL / DEMOGRAFIA,0.5315068493150685,0.37548387096774194,0.4400756143667297,1550
PSICOLOGIA,0.7338071065989847,0.7454620462046204,0.7395886626419728,4848
QUÍMICA,0.8446898496240601,0.877685546875,0.8608716475095786,4096
SAÚDE COLETIVA,0.611846387502712,0.6658795749704841,0.6377204884667571,4235
SERVIÇO SOCIAL,0.7609400324149108,0.6617336152219874,0.7078778741047871,1419
SOCIOLOGIA,0.44955887993862675,0.4471575734452499,0.4483550114766641,2621
ZOOTECNIA / RECURSOS PESQUEIROS,0.7723311546840959,0.6928338762214984,0.7304258241758241,3070
