colegio,grande_area,area_avaliacao,area_avaliacao_maiusculas,url_capes,fonte
"Ciências Exatas, Tecnológicas e Multidisciplinar",CIÊNCIAS EXATAS E DA TERRA,Astronomia / Física,ASTRONOMIA / FÍSICA,https://www.gov.br/capes/pt-br/acesso-a-informacao/acoes-e-programas/avaliacao/sobre-a-avaliacao/areas-avaliacao/sobre-as-areas-de-avaliacao/colegio-de-ciencias-exatas-tecnologicas-e-multidisciplinar/ciencias-exatas-e-da-terra/astronomia-fisica,"gov.br/capes — Sobre as áreas de avaliação, consultado em 2026-09-07"
"Ciências Exatas, Tecnológicas e Multidisciplinar",CIÊNCIAS EXATAS E DA TERRA,Computação,COMPUTAÇÃO,https://www.gov.br/capes/pt-br/acesso-a-informacao/acoes-e-programas/avaliacao/sobre-a-avaliacao/areas-avaliacao/sobre-as-areas-de-avaliacao/colegio-de-ciencias-exatas-tecnologicas-e-multidisciplinar/ciencias-exatas-e-da-terra/ciencia-da-computacao,"gov.br/capes — Sobre as áreas de avaliação, consultado em 2026-09-07"
"Ciências Exatas, Tecnológicas e Multidisciplinar",CIÊNCIAS EXATAS E DA TERRA,Geociências,GEOCIÊNCIAS,https://www.gov.br/capes/pt-br/acesso-a-informacao/acoes-e-programas/avaliacao/sobre-a-avaliacao/areas-avaliacao/sobre-as-areas-de-avaliacao/colegio-de-ciencias-exatas-tecnologicas-e-multidisciplinar/ciencias-exatas-e-da-terra/geociencias,"gov.br/capes — Sobre as áreas de avaliação, consultado em 2026-09-07"
"Ciências Exatas, Tecnológicas e Multidisciplinar",CIÊNCIAS EXATAS E DA TERRA,Matemática / Probabilidade e Estatística,MATEMÁTICA / PROBABILIDADE E ESTATÍSTICA,https://www.gov.br/capes/pt-br/acesso-a-informacao/acoes-e-programas/avaliacao/sobre-a-avaliacao/areas-avaliacao/sobre-as-areas-de-avaliacao/colegio-de-ciencias-exatas-tecnologicas-e-multidisciplinar/ciencias-exatas-e-da-terra/matematica-probabilidade-e-estatistica,"gov.br/capes — Sobre as áreas de avaliação, consultado em 2026-09-07"
"Ciências Exatas, Tecnológicas e Multidisciplinar",CIÊNCIAS EXATAS E DA TERRA,Química,QUÍMICA,https://www.gov.br/capes/pt-br/acesso-a-informacao/acoes-e-programas/avaliacao/sobre-a-avaliacao/areas-avaliacao/sobre-as-areas-de-avaliacao/colegio-de-ciencias-exatas-tecnologicas-e-multidisciplinar/ciencias-exatas-e-da-terra/quimica,"gov.br/capes — Sobre as áreas de avaliação, consultado em 2026-09-07"
"Ciências Exatas, Tecnológicas e Multidisciplinar",ENGENHARIAS,Engenharias I,ENGENHARIAS I,https://www.gov.br/capes/pt-br/acesso-a-informacao/acoes-e-programas/avaliacao/sobre-a-avaliacao/areas-avaliacao/sobre-as-areas-de-avaliacao/colegio-de-ciencias-exatas-tecnologicas-e-multidisciplinar/engenharias/engenharias-i,"gov.br/capes — Sobre as áreas de avaliação, consultado em 2026-09-07"
"Ciências Exatas, Tecnológicas e Multidisciplinar",ENGENHARIAS,Engenharias II,ENGENHARIAS II,https://www.gov.br/capes/pt-br/acesso-a-informacao/acoes-e-programas/avaliacao/sobre-a-avaliacao/areas-avaliacao/sobre-as-areas-de-avaliacao/colegio-de-ciencias-exatas-tecnologicas-e-multidisciplinar/engenharias/engenharias-ii,"gov.br/capes — Sobre as áreas de avaliação, consultado em 2026-09-07"
"Ciências Exatas, Tecnológicas e Multidisciplinar",ENGENHARIAS,Engenharias III,ENGENHARIAS III,https://www.gov.br/capes/pt-br/acesso-a-informacao/acoes-e-programas/avaliacao/sobre-a-avaliacao/areas-avaliacao/sobre-as-areas-de-avaliacao/colegio-de-ciencias-exatas-tecnologicas-e-multidisciplinar/engenharias/engenharias-iii,"gov.br/capes — Sobre as áreas de avaliação, consultado em 2026-09-07"
"Ciências Exatas, Tecnológicas e Multidisciplinar",ENGENHARIAS,Engenharias IV,ENGENHARIAS IV,https://www.gov.br/capes/pt-br/acesso-a-informacao/acoes-e-programas/avaliacao/sobre-a-avaliacao/areas-avaliacao/sobre-as-areas-de-avaliacao/colegio-de-ciencias-exatas-tecnologicas-e-multidisciplinar/engenharias/engenharias-iv,"gov.br/capes — Sobre as áreas de avaliação, consultado em 2026-09-07"
"Ciências Exatas, Tecnológicas e Multidisciplinar",MULTIDISCIPLINAR,Biotecnologia,BIOTECNOLOGIA,https://www.gov.br/capes/pt-br/acesso-a-informacao/acoes-e-programas/avaliacao/sobre-a-avaliacao/areas-avaliacao/sobre-as-areas-de-avaliacao/colegio-de-ciencias-exatas-tecnologicas-e-multidisciplinar/multidisciplinar/biotecnologia,"gov.br/capes — Sobre as áreas de avaliação, consultado em 2026-09-07"
"Ciências Exatas, Tecnológicas e Multidisciplinar",MULTIDISCIPLINAR,Ciências Ambientais,CIÊNCIAS AMBIENTAIS,https://www.gov.br/capes/pt-br/acesso-a-informacao/acoes-e-programas/avaliacao/sobre-a-avaliacao/areas-avaliacao/sobre-as-areas-de-avaliacao/colegio-de-ciencias-exatas-tecnologicas-e-multidisciplinar/multidisciplinar/ciencias-ambientais,"gov.br/capes — Sobre as áreas de avaliação, consultado em 2026-09-07"
"Ciências Exatas, Tecnológicas e Multidisciplinar",MULTIDISCIPLINAR,Ciências e Humanidades para a Educação Básica,CIÊNCIAS E HUMANIDADES PARA A EDUCAÇÃO BÁSICA,https://www.gov.br/capes/pt-br/acesso-a-informacao/acoes-e-programas/avaliacao/sobre-a-avaliacao/areas-avaliacao/sobre-as-areas-de-avaliacao/colegio-de-ciencias-exatas-tecnologicas-e-multidisciplinar/multidisciplinar/cienncias-e-humanidades-para-a-educacao-basica,"gov.br/capes — Sobre as áreas de avaliação, consultado em 2026-09-07"
"Ciências Exatas, Tecnológicas e Multidisciplinar",MULTIDISCIPLINAR,Ensino,ENSINO,https://www.gov.br/capes/pt-br/acesso-a-informacao/acoes-e-programas/avaliacao/sobre-a-avaliacao/areas-avaliacao/sobre-as-areas-de-avaliacao/colegio-de-ciencias-exatas-tecnologicas-e-multidisciplinar/multidisciplinar/ensino,"gov.br/capes — Sobre as áreas de avaliação, consultado em 2026-09-07"
"Ciências Exatas, Tecnológicas e Multidisciplinar",MULTIDISCIPLINAR,Interdisciplinar,INTERDISCIPLINAR,https://www.gov.br/capes/pt-br/acesso-a-informacao/acoes-e-programas/avaliacao/sobre-a-avaliacao/areas-avaliacao/sobre-as-areas-de-avaliacao/colegio-de-ciencias-exatas-tecnologicas-e-multidisciplinar/multidisciplinar/interdisciplinar,"gov.br/capes — Sobre as áreas de avaliação, consultado em 2026-09-07"
"Ciências Exatas, Tecnológicas e Multidisciplinar",MULTIDISCIPLINAR,Materiais,MATERIAIS,https://www.gov.br/capes/pt-br/acesso-a-informacao/acoes-e-programas/avaliacao/sobre-a-avaliacao/areas-avaliacao/sobre-as-areas-de-avaliacao/colegio-de-ciencias-exatas-tecnologicas-e-multidisciplinar/multidisciplinar/materiais,"gov.br/capes — Sobre as áreas de avaliação, consultado em 2026-09-07"
Ciências da Vida,CIÊNCIAS AGRÁRIAS,Ciência de Alimentos,CIÊNCIA DE ALIMENTOS,https://www.gov.br/capes/pt-br/acesso-a-informacao/acoes-e-programas/avaliacao/sobre-a-avaliacao/areas-avaliacao/sobre-as-areas-de-avaliacao/colegio-de-ciencias-da-vida/ciencias-agrarias/ciencia-de-alimentos,"gov.br/capes — Sobre as áreas de avaliação, consultado em 2026-09-07"
Ciências da Vida,CIÊNCIAS AGRÁRIAS,Ciências Agrárias I,CIÊNCIAS AGRÁRIAS I,https://www.gov.br/capes/pt-br/acesso-a-informacao/acoes-e-programas/avaliacao/sobre-a-avaliacao/areas-avaliacao/sobre-as-areas-de-avaliacao/colegio-de-ciencias-da-vida/ciencias-agrarias/ciencias-agrarias,"gov.br/capes — Sobre as áreas de avaliação, consultado em 2026-09-07"
Ciências da Vida,CIÊNCIAS AGRÁRIAS,Medicina Veterinária,MEDICINA VETERINÁRIA,https://www.gov.br/capes/pt-br/acesso-a-informacao/acoes-e-programas/avaliacao/sobre-a-avaliacao/areas-avaliacao/sobre-as-areas-de-avaliacao/colegio-de-ciencias-da-vida/ciencias-agrarias/medicina-veterinaria,"gov.br/capes — Sobre as áreas de avaliação, consultado em 2026-09-07"
Ciências da Vida,CIÊNCIAS AGRÁRIAS,Zootecnia / Recursos Pesqueiros,ZOOTECNIA / RECURSOS PESQUEIROS,https://www.gov.br/capes/pt-br/acesso-a-informacao/acoes-e-programas/avaliacao/sobre-a-avaliacao/areas-avaliacao/sobre-as-areas-de-avaliacao/colegio-de-ciencias-da-vida/ciencias-agrarias/zootecnia-recursos-pesqueiros,"gov.br/capes — Sobre as áreas de avaliação, consultado em 2026-09-07"
Ciências da Vida,CIÊNCIAS BIOLÓGICAS,Biodiversidade,BIODIVERSIDADE,https://www.gov.br/capes/pt-br/acesso-a-informacao/acoes-e-programas/avaliacao/sobre-a-avaliacao/areas-avaliacao/sobre-as-areas-de-avaliacao/colegio-de-ciencias-da-vida/ciencias-biologicas/biodiversidade,"gov.br/capes — Sobre as áreas de avaliação, consultado em 2026-09-07"
Ciências da Vida,CIÊNCIAS BIOLÓGICAS,Ciências Biológicas I,CIÊNCIAS BIOLÓGICAS I,https://www.gov.br/capes/pt-br/acesso-a-informacao/acoes-e-programas/avaliacao/sobre-a-avaliacao/areas-avaliacao/sobre-as-areas-de-avaliacao/colegio-de-ciencias-da-vida/ciencias-biologicas/ciencias-biologicas-i,"gov.br/capes — Sobre as áreas de avaliação, consultado em 2026-09-07"
Ciências da Vida,CIÊNCIAS BIOLÓGICAS,Ciências Biológicas II,CIÊNCIAS BIOLÓGICAS II,https://www.gov.br/capes/pt-br/acesso-a-informacao/acoes-e-programas/avaliacao/sobre-a-avaliacao/areas-avaliacao/sobre-as-areas-de-avaliacao/colegio-de-ciencias-da-vida/ciencias-biologicas/ciencias-biologicas-ii,"gov.br/capes — Sobre as áreas de avaliação, consultado em 2026-09-07"
Ciências da Vida,CIÊNCIAS BIOLÓGICAS,Ciências Biológicas III,CIÊNCIAS BIOLÓGICAS III,https://www.gov.br/capes/pt-br/acesso-a-informacao/acoes-e-programas/avaliacao/sobre-a-avaliacao/areas-avaliacao/sobre-as-areas-de-avaliacao/colegio-de-ciencias-da-vida/ciencias-biologicas/ciencias-biologicas-iii,"gov.br/capes — Sobre as áreas de avaliação, consultado em 2026-09-07"
Ciências da Vida,CIÊNCIAS DA SAÚDE,"Educação Física, Fisioterapia, Fonoaudiologia e Terapia Ocupacional","EDUCAÇÃO FÍSICA, FISIOTERAPIA, FONOAUDIOLOGIA E TERAPIA OCUPACIONAL",https://www.gov.br/capes/pt-br/acesso-a-informacao/acoes-e-programas/avaliacao/sobre-a-avaliacao/areas-avaliacao/sobre-as-areas-de-avaliacao/colegio-de-ciencias-da-vida/ciencias-da-saude/educacao-fisica,"gov.br/capes — Sobre as áreas de avaliação, consultado em 2026-09-07"
Ciências da Vida,CIÊNCIAS DA SAÚDE,Enfermagem,ENFERMAGEM,https://www.gov.br/capes/pt-br/acesso-a-informacao/acoes-e-programas/avaliacao/sobre-a-avaliacao/areas-avaliacao/sobre-as-areas-de-avaliacao/colegio-de-ciencias-da-vida/ciencias-da-saude/enfermagem,"gov.br/capes — Sobre as áreas de avaliação, consultado em 2026-09-07"
Ciências da Vida,CIÊNCIAS DA SAÚDE,Farmácia,FARMÁCIA,https://www.gov.br/capes/pt-br/acesso-a-informacao/acoes-e-programas/avaliacao/sobre-a-avaliacao/areas-avaliacao/sobre-as-areas-de-avaliacao/colegio-de-ciencias-da-vida/ciencias-da-saude/farmacia,"gov.br/capes — Sobre as áreas de avaliação, consultado em 2026-09-07"
Ciências da Vida,CIÊNCIAS DA SAÚDE,Medicina I,MEDICINA I,https://www.gov.br/capes/pt-br/acesso-a-informacao/acoes-e-programas/avaliacao/sobre-a-avaliacao/areas-avaliacao/sobre-as-areas-de-avaliacao/colegio-de-ciencias-da-vida/ciencias-da-saude/medicina-i,"gov.br/capes — Sobre as áreas de avaliação, consultado em 2026-09-07"
Ciências da Vida,CIÊNCIAS DA SAÚDE,Medicina II,MEDICINA II,https://www.gov.br/capes/pt-br/acesso-a-informacao/acoes-e-programas/avaliacao/sobre-a-avaliacao/areas-avaliacao/sobre-as-areas-de-avaliacao/colegio-de-ciencias-da-vida/ciencias-da-saude/medicina-ii,"gov.br/capes — Sobre as áreas de avaliação, consultado em 2026-09-07"
Ciências da Vida,CIÊNCIAS DA SAÚDE,Medicina III,MEDICINA III,https://www.gov.br/capes/pt-br/acesso-a-informacao/acoes-e-programas/avaliacao/sobre-a-avaliacao/areas-avaliacao/sobre-as-areas-de-avaliacao/colegio-de-ciencias-da-vida/ciencias-da-saude/medicina-iii,"gov.br/capes — Sobre as áreas de avaliação, consultado em 2026-09-07"
Ciências da Vida,CIÊNCIAS DA SAÚDE,Nutrição,NUTRIÇÃO,https://www.gov.br/capes/pt-br/acesso-a-informacao/acoes-e-programas/avaliacao/sobre-a-avaliacao/areas-avaliacao/sobre-as-areas-de-avaliacao/colegio-de-ciencias-da-vida/ciencias-da-saude/nutricao,"gov.br/capes — Sobre as áreas de avaliação, consultado em 2026-09-07"
Ciências da Vida,CIÊNCIAS DA SAÚDE,Odontologia,ODONTOLOGIA,https://www.gov.br/capes/pt-br/acesso-a-informacao/acoes-e-programas/avaliacao/sobre-a-avaliacao/areas-avaliacao/sobre-as-areas-de-avaliacao/colegio-de-ciencias-da-vida/ciencias-da-saude/odontologia,"gov.br/capes — Sobre as áreas de avaliação, consultado em 2026-09-07"
Ciências da Vida,CIÊNCIAS DA SAÚDE,Saúde Coletiva,SAÚDE COLETIVA,https://www.gov.br/capes/pt-br/acesso-a-informacao/acoes-e-programas/avaliacao/sobre-a-avaliacao/areas-avaliacao/sobre-as-areas-de-avaliacao/colegio-de-ciencias-da-vida/ciencias-da-saude/saude-coletiva,"gov.br/capes — Sobre as áreas de avaliação, consultado em 2026-09-07"
Humanidades,CIÊNCIAS HUMANAS,Antropologia / Arqueologia,ANTROPOLOGIA / ARQUEOLOGIA,https://www.gov.br/capes/pt-br/acesso-a-informacao/acoes-e-programas/avaliacao/sobre-a-avaliacao/areas-avaliacao/sobre-as-areas-de-avaliacao/colegio-de-humanidades/ciencias-humanas/antropologia-arqueologia,"gov.br/capes — Sobre as áreas de avaliação, consultado em 2026-09-07"
Humanidades,CIÊNCIAS HUMANAS,Ciência Política e Relações Internacionais,CIÊNCIA POLÍTICA E RELAÇÕES INTERNACIONAIS,https://www.gov.br/capes/pt-br/acesso-a-informacao/acoes-e-programas/avaliacao/sobre-a-avaliacao/areas-avaliacao/sobre-as-areas-de-avaliacao/colegio-de-humanidades/ciencias-humanas/ciencia-politica-e-relacoes-Internacionais,"gov.br/capes — Sobre as áreas de avaliação, consultado em 2026-09-07"
Humanidades,CIÊNCIAS HUMANAS,Ciências da Religião e Teologia,CIÊNCIAS DA RELIGIÃO E TEOLOGIA,https://www.gov.br/capes/pt-br/acesso-a-informacao/acoes-e-programas/avaliacao/sobre-a-avaliacao/areas-avaliacao/sobre-as-areas-de-avaliacao/colegio-de-humanidades/ciencias-humanas/ciencias-da-religiao-e-teologia,"gov.br/capes — Sobre as áreas de avaliação, consultado em 2026-09-07"
Humanidades,CIÊNCIAS HUMANAS,Educação,EDUCAÇÃO,https://www.gov.br/capes/pt-br/acesso-a-informacao/acoes-e-programas/avaliacao/sobre-a-avaliacao/areas-avaliacao/sobre-as-areas-de-avaliacao/colegio-de-humanidades/ciencias-humanas/educacao,"gov.br/capes — Sobre as áreas de avaliação, consultado em 2026-09-07"
Humanidades,CIÊNCIAS HUMANAS,Filosofia,FILOSOFIA,https://www.gov.br/capes/pt-br/acesso-a-informacao/acoes-e-programas/avaliacao/sobre-a-avaliacao/areas-avaliacao/sobre-as-areas-de-avaliacao/colegio-de-humanidades/ciencias-humanas/filosofia,"gov.br/capes — Sobre as áreas de avaliação, consultado em 2026-09-07"
Humanidades,CIÊNCIAS HUMANAS,Geografia,GEOGRAFIA,https://www.gov.br/capes/pt-br/acesso-a-informacao/acoes-e-programas/avaliacao/sobre-a-avaliacao/areas-avaliacao/sobre-as-areas-de-avaliacao/colegio-de-humanidades/ciencias-humanas/geografia,"gov.br/capes — Sobre as áreas de avaliação, consultado em 2026-09-07"
Humanidades,CIÊNCIAS HUMANAS,História,HISTÓRIA,https://www.gov.br/capes/pt-br/acesso-a-informacao/acoes-e-programas/avaliacao/sobre-a-avaliacao/areas-avaliacao/sobre-as-areas-de-avaliacao/colegio-de-humanidades/ciencias-humanas/historia,"gov.br/capes — Sobre as áreas de avaliação, consultado em 2026-09-07"
Humanidades,CIÊNCIAS HUMANAS,Psicologia,PSICOLOGIA,https://www.gov.br/capes/pt-br/acesso-a-informacao/acoes-e-programas/avaliacao/sobre-a-avaliacao/areas-avaliacao/sobre-as-areas-de-avaliacao/colegio-de-humanidades/ciencias-humanas/psicologia,"gov.br/capes — Sobre as áreas de avaliação, consultado em 2026-09-07"
Humanidades,CIÊNCIAS HUMANAS,Sociologia,SOCIOLOGIA,https://www.gov.br/capes/pt-br/acesso-a-informacao/acoes-e-programas/avaliacao/sobre-a-avaliacao/areas-avaliacao/sobre-as-areas-de-avaliacao/colegio-de-humanidades/ciencias-humanas/sociologia,"gov.br/capes — Sobre as áreas de avaliação, consultado em 2026-09-07"
Humanidades,CIÊNCIAS SOCIAIS APLICADAS,"Administração Pública e de Empresas, Ciências Contábeis e Turismo","ADMINISTRAÇÃO PÚBLICA E DE EMPRESAS, CIÊNCIAS CONTÁBEIS E TURISMO",https://www.gov.br/capes/pt-br/acesso-a-informacao/acoes-e-programas/avaliacao/sobre-a-avaliacao/areas-avaliacao/sobre-as-areas-de-avaliacao/colegio-de-humanidades/ciencias-sociais-aplicadas/administracao-publica-e-de-empresas-ciencias-contabeis-e-turismo,"gov.br/capes — Sobre as áreas de avaliação, consultado em 2026-09-07"
Humanidades,CIÊNCIAS SOCIAIS APLICADAS,"Arquitetura, Urbanismo e Design","ARQUITETURA, URBANISMO E DESIGN",https://www.gov.br/capes/pt-br/acesso-a-informacao/acoes-e-programas/avaliacao/sobre-a-avaliacao/areas-avaliacao/sobre-as-areas-de-avaliacao/colegio-de-humanidades/ciencias-sociais-aplicadas/arquitetura-urbanismo-e-design,"gov.br/capes — Sobre as áreas de avaliação, consultado em 2026-09-07"
Humanidades,CIÊNCIAS SOCIAIS APLICADAS,"Comunicação, Informação e Museologia","COMUNICAÇÃO, INFORMAÇÃO E MUSEOLOGIA",https://www.gov.br/capes/pt-br/acesso-a-informacao/acoes-e-programas/avaliacao/sobre-a-avaliacao/areas-avaliacao/sobre-as-areas-de-avaliacao/colegio-de-humanidades/ciencias-sociais-aplicadas/comunicacao-e-informacao,"gov.br/capes — Sobre as áreas de avaliação, consultado em 2026-09-07"
Humanidades,CIÊNCIAS SOCIAIS APLICADAS,Direito,DIREITO,https://www.gov.br/capes/pt-br/acesso-a-informacao/acoes-e-programas/avaliacao/sobre-a-avaliacao/areas-avaliacao/sobre-as-areas-de-avaliacao/colegio-de-humanidades/ciencias-sociais-aplicadas/direito,"gov.br/capes — Sobre as áreas de avaliação, consultado em 2026-09-07"
Humanidades,CIÊNCIAS SOCIAIS APLICADAS,Economia,ECONOMIA,https://www.gov.br/capes/pt-br/acesso-a-informacao/acoes-e-programas/avaliacao/sobre-a-avaliacao/areas-avaliacao/sobre-as-areas-de-avaliacao/colegio-de-humanidades/ciencias-sociais-aplicadas/economia,"gov.br/capes — Sobre as áreas de avaliação, consultado em 2026-09-07"
Humanidades,CIÊNCIAS SOCIAIS APLICADAS,Planejamento Urbano e Regional / Demografia,PLANEJAMENTO URBANO E REGIONAL / DEMOGRAFIA,https://www.gov.br/capes/pt-br/acesso-a-informacao/acoes-e-programas/avaliacao/sobre-a-avaliacao/areas-avaliacao/sobre-as-areas-de-avaliacao/colegio-de-humanidades/ciencias-sociais-aplicadas/planejamento-urbano-e-regional-demografia,"gov.br/capes — Sobre as áreas de avaliação, consultado em 2026-09-07"
Humanidades,CIÊNCIAS SOCIAIS APLICADAS,Serviço Social,SERVIÇO SOCIAL,https://www.gov.br/capes/pt-br/acesso-a-informacao/acoes-e-programas/avaliacao/sobre-a-avaliacao/areas-avaliacao/sobre-as-areas-de-avaliacao/colegio-de-humanidades/ciencias-sociais-aplicadas/servico-social,"gov.br/capes — Sobre as áreas de avaliação, consultado em 2026-09-07"
Humanidades,"LINGUÍSTICA, LETRAS E ARTES",Artes,ARTES,https://www.gov.br/capes/pt-br/acesso-a-informacao/acoes-e-programas/avaliacao/sobre-a-avaliacao/areas-avaliacao/sobre-as-areas-de-avaliacao/colegio-de-humanidades/linguistica-letras-e-artes/artes,"gov.br/capes — Sobre as áreas de avaliação, consultado em 2026-09-07"
Humanidades,"LINGUÍSTICA, LETRAS E ARTES",Linguística e Literatura,LINGUÍSTICA E LITERATURA,https://www.gov.br/capes/pt-br/acesso-a-informacao/acoes-e-programas/avaliacao/sobre-a-avaliacao/areas-avaliacao/sobre-as-areas-de-avaliacao/colegio-de-humanidades/linguistica-letras-e-artes/linguistica-e-literatura,"gov.br/capes — Sobre as áreas de avaliação, consultado em 2026-09-07"
