de,para,n_docs,obs
INTERDISCIPLINAR,INTERDISCIPLINAR,67718,nome oficial atual (2026): manter
EDUCAÇÃO,EDUCAÇÃO,67428,nome oficial atual (2026): manter
CIÊNCIAS AGRÁRIAS I,CIÊNCIAS AGRÁRIAS I,49150,nome oficial atual (2026): manter
DIREITO,DIREITO,45135,nome oficial atual (2026): manter
"ADMINISTRAÇÃO PÚBLICA E DE EMPRESAS, CIÊNCIAS CONTÁBEIS E TURISMO","ADMINISTRAÇÃO PÚBLICA E DE EMPRESAS, CIÊNCIAS CONTÁBEIS E TURISMO",43468,nome oficial atual (2026): manter
LINGUíSTICA E LITERATURA,LINGUÍSTICA E LITERATURA,35088,grafia defeituosa ('í' minúsculo) do nome oficial atual: `para` = LINGUÍSTICA E LITERATURA
ENSINO,ENSINO,34339,nome oficial atual (2026): manter
ENGENHARIAS III,ENGENHARIAS III,29801,nome oficial atual (2026): manter
MEDICINA I,MEDICINA I,26219,nome oficial atual (2026): manter
BIODIVERSIDADE,BIODIVERSIDADE,25643,nome oficial atual (2026): manter
ODONTOLOGIA,ODONTOLOGIA,25477,nome oficial atual (2026): manter
ENGENHARIAS I,ENGENHARIAS I,24352,nome oficial atual (2026): manter
PSICOLOGIA,PSICOLOGIA,24242,nome oficial atual (2026): manter
ENGENHARIAS IV,ENGENHARIAS IV,23256,nome oficial atual (2026): manter
MEDICINA II,MEDICINA II,22372,nome oficial atual (2026): manter
CIÊNCIAS AMBIENTAIS,CIÊNCIAS AMBIENTAIS,21657,nome oficial atual (2026): manter
ENGENHARIAS II,ENGENHARIAS II,21596,nome oficial atual (2026): manter
SAÚDE COLETIVA,SAÚDE COLETIVA,21172,nome oficial atual (2026): manter
QUÍMICA,QUÍMICA,20479,nome oficial atual (2026): manter
HISTÓRIA,HISTÓRIA,20058,nome oficial atual (2026): manter
ENFERMAGEM,ENFERMAGEM,19137,nome oficial atual (2026): manter
MEDICINA VETERINÁRIA,MEDICINA VETERINÁRIA,18665,nome oficial atual (2026): manter
CIÊNCIA DA COMPUTAÇÃO,COMPUTAÇÃO,17283,NÃO está na lista oficial de 2026 (dados/areas_avaliacao_capes.csv): decidir o `para`
COMUNICAÇÃO E INFORMAÇÃO,"COMUNICAÇÃO, INFORMAÇÃO E MUSEOLOGIA",16846,NÃO está na lista oficial de 2026 (dados/areas_avaliacao_capes.csv): decidir o `para`
MATEMÁTICA / PROBABILIDADE E ESTATÍSTICA,MATEMÁTICA / PROBABILIDADE E ESTATÍSTICA,16333,nome oficial atual (2026): manter
CIÊNCIAS BIOLÓGICAS II,CIÊNCIAS BIOLÓGICAS II,15845,nome oficial atual (2026): manter
ZOOTECNIA / RECURSOS PESQUEIROS,ZOOTECNIA / RECURSOS PESQUEIROS,15349,nome oficial atual (2026): manter
GEOGRAFIA,GEOGRAFIA,14807,nome oficial atual (2026): manter
CIÊNCIAS BIOLÓGICAS I,CIÊNCIAS BIOLÓGICAS I,14720,nome oficial atual (2026): manter
ASTRONOMIA / FÍSICA,ASTRONOMIA / FÍSICA,14614,nome oficial atual (2026): manter
ECONOMIA,ECONOMIA,14019,nome oficial atual (2026): manter
EDUCAÇÃO FÍSICA,"EDUCAÇÃO FÍSICA, FISIOTERAPIA, FONOAUDIOLOGIA E TERAPIA OCUPACIONAL",13741,NÃO está na lista oficial de 2026 (dados/areas_avaliacao_capes.csv): decidir o `para`
LETRAS / LINGUÍSTICA,LINGUÍSTICA E LITERATURA,13556,NÃO está na lista oficial de 2026 (dados/areas_avaliacao_capes.csv): decidir o `para`
FARMÁCIA,FARMÁCIA,13230,nome oficial atual (2026): manter
SOCIOLOGIA,SOCIOLOGIA,12902,nome oficial atual (2026): manter
"ARQUITETURA, URBANISMO E DESIGN","ARQUITETURA, URBANISMO E DESIGN",12484,nome oficial atual (2026): manter
CIÊNCIA DE ALIMENTOS,CIÊNCIA DE ALIMENTOS,10972,nome oficial atual (2026): manter
BIOTECNOLOGIA,BIOTECNOLOGIA,10649,nome oficial atual (2026): manter
GEOCIÊNCIAS,GEOCIÊNCIAS,9986,nome oficial atual (2026): manter
ARTES,ARTES,9493,nome oficial atual (2026): manter
FILOSOFIA,FILOSOFIA,9031,nome oficial atual (2026): manter
CIÊNCIA POLÍTICA E RELAÇÕES INTERNACIONAIS,CIÊNCIA POLÍTICA E RELAÇÕES INTERNACIONAIS,8630,nome oficial atual (2026): manter
MEDICINA III,MEDICINA III,7972,nome oficial atual (2026): manter
PLANEJAMENTO URBANO E REGIONAL / DEMOGRAFIA,PLANEJAMENTO URBANO E REGIONAL / DEMOGRAFIA,7751,nome oficial atual (2026): manter
CIÊNCIAS BIOLÓGICAS III,CIÊNCIAS BIOLÓGICAS III,7522,nome oficial atual (2026): manter
SERVIÇO SOCIAL,SERVIÇO SOCIAL,7093,nome oficial atual (2026): manter
MATERIAIS,MATERIAIS,6380,nome oficial atual (2026): manter
ANTROPOLOGIA / ARQUEOLOGIA,ANTROPOLOGIA / ARQUEOLOGIA,5568,nome oficial atual (2026): manter
NUTRIÇÃO,NUTRIÇÃO,5424,nome oficial atual (2026): manter
CIÊNCIAS DA RELIGIÃO E TEOLOGIA,CIÊNCIAS DA RELIGIÃO E TEOLOGIA,3822,nome oficial atual (2026): manter
"EDUCAÇÃO FÍSICA, FISIOTERAPIA, FONOAUDIOLOGIA E TERAPIA OCUPACIONAL","EDUCAÇÃO FÍSICA, FISIOTERAPIA, FONOAUDIOLOGIA E TERAPIA OCUPACIONAL",3449,nome oficial atual (2026): manter
COMPUTAÇÃO,COMPUTAÇÃO,3394,nome oficial atual (2026): manter
ARTES / MÚSICA,ARTES,3329,NÃO está na lista oficial de 2026 (dados/areas_avaliacao_capes.csv): decidir o `para`
CIÊNCIAS E HUMANIDADES PARA A EDUCAÇÃO BÁSICA,CIÊNCIAS E HUMANIDADES PARA A EDUCAÇÃO BÁSICA,2504,nome oficial atual (2026): manter
TEOLOGIA,CIÊNCIAS DA RELIGIÃO E TEOLOGIA,1231,NÃO está na lista oficial de 2026 (dados/areas_avaliacao_capes.csv): decidir o `para`
"ADMINISTRAÇÃO, CIÊNCIAS CONTÁBEIS E TURISMO","ADMINISTRAÇÃO PÚBLICA E DE EMPRESAS, CIÊNCIAS CONTÁBEIS E TURISMO",567,NÃO está na lista oficial de 2026 (dados/areas_avaliacao_capes.csv): decidir o `para`
FILOSOFIA/TEOLOGIA:subcomissão TEOLOGIA,CIÊNCIAS DA RELIGIÃO E TEOLOGIA,315,NÃO está na lista oficial de 2026 (dados/areas_avaliacao_capes.csv): decidir o `para`
CIÊNCIAS SOCIAIS APLICADAS I,SOCIOLOGIA,205,NÃO está na lista oficial de 2026 (dados/areas_avaliacao_capes.csv): decidir o `para`
FILOSOFIA/TEOLOGIA:subcomissão FILOSOFIA,FILOSOFIA,147,NÃO está na lista oficial de 2026 (dados/areas_avaliacao_capes.csv): decidir o `para`
ARQUITETURA E URBANISMO,"ARQUITETURA, URBANISMO E DESIGN",119,NÃO está na lista oficial de 2026 (dados/areas_avaliacao_capes.csv): decidir o `para`
