area_avaliacao,grande_area,n_docs
INTERDISCIPLINAR,MULTIDISCIPLINAR,67718
EDUCAÇÃO,CIÊNCIAS HUMANAS,67428
CIÊNCIAS AGRÁRIAS I,CIÊNCIAS AGRÁRIAS,49150
DIREITO,CIÊNCIAS SOCIAIS APLICADAS,45135
"ADMINISTRAÇÃO PÚBLICA E DE EMPRESAS, CIÊNCIAS CONTÁBEIS E TURISMO",CIÊNCIAS SOCIAIS APLICADAS,43468
LINGUÍSTICA E LITERATURA,"LINGUÍSTICA, LETRAS E ARTES",35088
ENSINO,MULTIDISCIPLINAR,34339
ENGENHARIAS III,ENGENHARIAS,29801
MEDICINA I,CIÊNCIAS DA SAÚDE,26219
ODONTOLOGIA,CIÊNCIAS DA SAÚDE,25477
BIODIVERSIDADE,CIÊNCIAS BIOLÓGICAS,24423
ENGENHARIAS I,ENGENHARIAS,24352
PSICOLOGIA,CIÊNCIAS HUMANAS,24242
ENGENHARIAS IV,ENGENHARIAS,23256
MEDICINA II,CIÊNCIAS DA SAÚDE,22372
CIÊNCIAS AMBIENTAIS,MULTIDISCIPLINAR,21657
ENGENHARIAS II,ENGENHARIAS,21596
SAÚDE COLETIVA,CIÊNCIAS DA SAÚDE,21172
QUÍMICA,CIÊNCIAS EXATAS E DA TERRA,20479
HISTÓRIA,CIÊNCIAS HUMANAS,20058
ENFERMAGEM,CIÊNCIAS DA SAÚDE,19137
MEDICINA VETERINÁRIA,CIÊNCIAS AGRÁRIAS,18665
CIÊNCIA DA COMPUTAÇÃO,CIÊNCIAS EXATAS E DA TERRA,17283
COMUNICAÇÃO E INFORMAÇÃO,CIÊNCIAS SOCIAIS APLICADAS,16846
MATEMÁTICA / PROBABILIDADE E ESTATÍSTICA,CIÊNCIAS EXATAS E DA TERRA,16333
CIÊNCIAS BIOLÓGICAS II,CIÊNCIAS BIOLÓGICAS,15845
ZOOTECNIA / RECURSOS PESQUEIROS,CIÊNCIAS AGRÁRIAS,15349
GEOGRAFIA,CIÊNCIAS HUMANAS,14807
CIÊNCIAS BIOLÓGICAS I,CIÊNCIAS BIOLÓGICAS,14720
ASTRONOMIA / FÍSICA,CIÊNCIAS EXATAS E DA TERRA,14614
ECONOMIA,CIÊNCIAS SOCIAIS APLICADAS,14019
EDUCAÇÃO FÍSICA,CIÊNCIAS DA SAÚDE,13741
LETRAS / LINGUÍSTICA,"LINGUÍSTICA, LETRAS E ARTES",13556
FARMÁCIA,CIÊNCIAS DA SAÚDE,13230
SOCIOLOGIA,CIÊNCIAS HUMANAS,12902
"ARQUITETURA, URBANISMO E DESIGN",CIÊNCIAS SOCIAIS APLICADAS,12484
CIÊNCIA DE ALIMENTOS,CIÊNCIAS AGRÁRIAS,10972
BIOTECNOLOGIA,MULTIDISCIPLINAR,10649
GEOCIÊNCIAS,CIÊNCIAS EXATAS E DA TERRA,9986
ARTES,"LINGUÍSTICA, LETRAS E ARTES",9493
FILOSOFIA,CIÊNCIAS HUMANAS,9031
CIÊNCIA POLÍTICA E RELAÇÕES INTERNACIONAIS,CIÊNCIAS HUMANAS,8630
MEDICINA III,CIÊNCIAS DA SAÚDE,7972
PLANEJAMENTO URBANO E REGIONAL / DEMOGRAFIA,CIÊNCIAS SOCIAIS APLICADAS,7751
CIÊNCIAS BIOLÓGICAS III,CIÊNCIAS BIOLÓGICAS,7522
SERVIÇO SOCIAL,CIÊNCIAS SOCIAIS APLICADAS,7093
MATERIAIS,MULTIDISCIPLINAR,6380
ANTROPOLOGIA / ARQUEOLOGIA,CIÊNCIAS HUMANAS,5568
NUTRIÇÃO,CIÊNCIAS DA SAÚDE,5424
CIÊNCIAS DA RELIGIÃO E TEOLOGIA,CIÊNCIAS HUMANAS,3822
"EDUCAÇÃO FÍSICA, FISIOTERAPIA, FONOAUDIOLOGIA E TERAPIA OCUPACIONAL",CIÊNCIAS DA SAÚDE,3449
COMPUTAÇÃO,CIÊNCIAS EXATAS E DA TERRA,3394
ARTES / MÚSICA,"LINGUÍSTICA, LETRAS E ARTES",3329
CIÊNCIAS E HUMANIDADES PARA A EDUCAÇÃO BÁSICA,MULTIDISCIPLINAR,2504
TEOLOGIA,CIÊNCIAS HUMANAS,1231
BIODIVERSIDADE,CIÊNCIAS EXATAS E DA TERRA,1220
"ADMINISTRAÇÃO, CIÊNCIAS CONTÁBEIS E TURISMO",CIÊNCIAS SOCIAIS APLICADAS,567
FILOSOFIA/TEOLOGIA:subcomissão TEOLOGIA,CIÊNCIAS HUMANAS,315
CIÊNCIAS SOCIAIS APLICADAS I,CIÊNCIAS SOCIAIS APLICADAS,205
FILOSOFIA/TEOLOGIA:subcomissão FILOSOFIA,CIÊNCIAS HUMANAS,147
ARQUITETURA E URBANISMO,CIÊNCIAS SOCIAIS APLICADAS,119
