,"ADMINISTRAÇÃO PÚBLICA E DE EMPRESAS, CIÊNCIAS CONTÁBEIS E TURISMO",ANTROPOLOGIA / ARQUEOLOGIA,"ARQUITETURA, URBANISMO E DESIGN",ARTES,ASTRONOMIA / FÍSICA,BIODIVERSIDADE,BIOTECNOLOGIA,CIÊNCIA DE ALIMENTOS,CIÊNCIA POLÍTICA E RELAÇÕES INTERNACIONAIS,CIÊNCIAS AGRÁRIAS I,CIÊNCIAS AMBIENTAIS,CIÊNCIAS BIOLÓGICAS I,CIÊNCIAS BIOLÓGICAS II,CIÊNCIAS BIOLÓGICAS III,CIÊNCIAS DA RELIGIÃO E TEOLOGIA,CIÊNCIAS E HUMANIDADES PARA A EDUCAÇÃO BÁSICA,COMPUTAÇÃO,"COMUNICAÇÃO, INFORMAÇÃO E MUSEOLOGIA",DIREITO,ECONOMIA,EDUCAÇÃO,"EDUCAÇÃO FÍSICA, FISIOTERAPIA, FONOAUDIOLOGIA E TERAPIA OCUPACIONAL",ENFERMAGEM,ENGENHARIAS I,ENGENHARIAS II,ENGENHARIAS III,ENGENHARIAS IV,ENSINO,FARMÁCIA,FILOSOFIA,GEOCIÊNCIAS,GEOGRAFIA,HISTÓRIA,INTERDISCIPLINAR,LINGUÍSTICA E LITERATURA,MATEMÁTICA / PROBABILIDADE E ESTATÍSTICA,MATERIAIS,MEDICINA I,MEDICINA II,MEDICINA III,MEDICINA VETERINÁRIA,NUTRIÇÃO,ODONTOLOGIA,PLANEJAMENTO URBANO E REGIONAL / DEMOGRAFIA,PSICOLOGIA,QUÍMICA,SAÚDE COLETIVA,SERVIÇO SOCIAL,SOCIOLOGIA,ZOOTECNIA / RECURSOS PESQUEIROS
"ADMINISTRAÇÃO PÚBLICA E DE EMPRESAS, CIÊNCIAS CONTÁBEIS E TURISMO",5640,5,389,4,0,0,0,3,62,8,35,0,0,0,4,2,3,448,395,983,22,3,3,14,1,44,5,2,0,4,0,19,5,68,3,4,0,0,0,0,1,1,0,288,11,0,15,302,9,2
ANTROPOLOGIA / ARQUEOLOGIA,0,616,2,10,0,0,0,0,27,1,1,0,0,0,57,0,0,4,0,1,22,0,0,0,0,0,0,0,0,59,0,49,174,7,3,0,0,0,0,0,0,0,0,1,37,0,3,0,39,0
"ARQUITETURA, URBANISMO E DESIGN",191,6,1585,17,0,0,0,0,3,0,4,0,0,0,0,1,8,256,74,106,3,0,0,35,2,23,2,1,0,8,0,23,13,18,2,2,3,0,0,0,0,0,0,90,2,0,0,43,0,0
ARTES,0,2,2,2095,0,0,0,0,0,0,0,0,0,0,3,1,0,7,0,0,10,1,0,0,0,0,0,0,0,6,0,0,5,1,430,0,0,0,0,0,0,0,0,0,0,0,0,0,1,0
ASTRONOMIA / FÍSICA,0,0,0,0,1776,1,0,0,0,0,0,2,2,1,0,15,192,0,1,0,0,0,1,2,5,1,8,7,0,1,134,1,0,1,1,457,27,0,0,0,0,1,0,0,0,286,0,0,0,0
BIODIVERSIDADE,0,1,1,0,20,4399,5,2,0,33,4,195,154,106,1,1,6,0,0,0,1,0,0,1,0,0,1,2,4,1,132,0,0,1,1,3,0,0,1,0,5,0,1,0,0,37,1,0,0,8
BIOTECNOLOGIA,1,0,0,0,3,50,1171,45,0,70,129,89,61,41,0,2,4,0,1,1,0,17,2,6,33,1,6,6,52,0,4,0,0,70,0,0,110,19,12,12,34,4,8,2,0,37,6,0,0,21
CIÊNCIA DE ALIMENTOS,1,0,0,0,0,0,10,1702,0,202,0,3,4,0,0,0,0,0,0,0,0,0,0,2,12,1,0,0,1,0,0,0,0,1,0,0,1,0,0,1,157,16,0,0,0,6,0,1,0,73
CIÊNCIA POLÍTICA E RELAÇÕES INTERNACIONAIS,29,71,14,3,1,1,0,0,890,0,5,0,0,0,67,0,0,14,60,23,60,0,3,3,0,5,0,0,0,79,2,86,109,22,0,0,0,0,0,0,1,0,0,13,67,0,7,26,65,0
CIÊNCIAS AGRÁRIAS I,6,0,1,0,3,75,15,618,3,8079,35,21,1,6,0,0,1,0,1,2,2,1,0,26,15,6,6,0,2,1,4,7,1,3,0,8,3,0,0,2,508,2,0,1,0,14,0,0,2,349
CIÊNCIAS AMBIENTAIS,38,9,15,1,4,162,431,19,9,153,2132,11,9,6,3,35,5,11,30,7,13,1,2,93,49,33,10,217,3,1,39,51,3,433,2,1,171,0,0,0,19,1,1,35,8,19,8,8,0,21
CIÊNCIAS BIOLÓGICAS I,0,0,0,0,3,506,2,4,0,16,1,1059,773,485,0,11,1,1,0,0,0,2,0,0,2,0,1,5,17,0,0,0,0,0,0,0,2,8,11,1,17,4,1,0,2,5,0,1,0,3
CIÊNCIAS BIOLÓGICAS II,3,0,0,1,0,245,4,1,0,4,0,494,1972,357,0,0,0,0,2,0,1,9,0,0,1,0,2,1,21,0,0,0,0,0,0,0,0,18,7,1,6,5,5,0,1,5,1,0,0,2
CIÊNCIAS BIOLÓGICAS III,0,0,0,0,0,164,1,0,0,1,0,228,261,805,0,0,0,0,0,0,0,1,1,0,1,0,0,0,2,0,0,0,0,0,0,0,0,7,13,2,10,1,2,0,0,0,2,0,0,2
CIÊNCIAS DA RELIGIÃO E TEOLOGIA,1,51,1,3,0,0,0,0,22,0,0,0,0,0,630,1,0,0,6,0,48,0,0,0,0,0,0,2,0,118,0,19,104,2,8,0,0,0,0,0,0,0,0,0,42,0,0,2,14,0
CIÊNCIAS E HUMANIDADES PARA A EDUCAÇÃO BÁSICA,0,1,1,7,17,2,0,0,0,0,5,1,0,0,0,148,1,0,0,0,18,4,0,0,0,0,0,139,0,6,1,9,33,12,46,44,1,0,0,0,0,0,0,1,2,1,0,0,1,0
COMPUTAÇÃO,0,0,1,2,176,0,0,0,1,3,0,2,1,0,1,1,3186,2,1,2,0,0,0,1,3,18,76,4,0,3,134,0,0,3,2,388,2,0,0,0,0,0,0,0,0,123,0,0,0,0
"COMUNICAÇÃO, INFORMAÇÃO E MUSEOLOGIA",282,16,182,41,0,0,0,0,10,0,2,0,0,0,11,0,7,2287,189,96,16,0,0,0,0,4,0,1,0,6,0,3,32,19,27,0,0,1,0,0,0,0,0,36,2,0,1,84,14,0
DIREITO,274,9,160,1,0,1,0,0,30,0,10,0,0,0,2,0,1,334,7465,285,15,0,0,1,0,0,1,1,0,27,0,9,7,18,2,1,0,1,0,0,0,0,0,113,2,0,0,242,15,0
ECONOMIA,315,1,94,0,0,0,0,0,16,3,5,0,0,0,2,0,3,68,111,2010,0,0,0,5,0,9,2,0,1,5,1,4,5,4,0,0,0,0,0,0,0,1,1,70,1,0,11,56,0,0
EDUCAÇÃO,18,291,9,55,4,0,0,0,311,0,13,1,0,0,307,102,6,38,4,2,9363,23,4,2,0,0,0,356,0,317,0,378,575,81,128,9,1,0,0,0,0,1,0,10,818,1,10,50,198,0
"EDUCAÇÃO FÍSICA, FISIOTERAPIA, FONOAUDIOLOGIA E TERAPIA OCUPACIONAL",0,4,0,2,0,0,1,0,1,0,1,1,5,0,0,2,0,0,1,0,26,2231,183,0,0,1,0,7,56,1,0,0,2,7,1,0,0,118,40,126,0,140,249,0,17,0,209,4,2,0
ENFERMAGEM,0,2,0,0,0,0,1,0,1,0,1,1,0,1,1,0,0,0,0,0,1,183,2498,1,0,1,0,4,73,0,0,0,1,9,0,0,2,76,38,91,0,94,111,0,8,0,623,5,0,0
ENGENHARIAS I,10,1,27,1,1,8,2,0,0,21,35,1,1,0,0,0,13,0,1,5,0,0,1,3164,558,565,388,1,0,0,25,4,0,0,0,0,20,0,0,0,0,1,0,4,0,8,2,1,0,1
ENGENHARIAS II,1,0,2,0,14,1,7,38,0,8,3,2,8,1,0,0,19,0,0,1,0,1,0,609,2363,548,508,0,1,0,8,0,0,0,0,3,135,0,0,0,0,0,2,0,0,35,0,0,0,1
ENGENHARIAS III,82,0,16,1,6,0,1,3,1,4,7,0,0,0,0,0,30,0,2,16,0,2,2,866,840,2675,1258,0,0,1,14,3,0,5,0,13,98,0,0,0,1,0,2,0,0,9,1,0,0,2
ENGENHARIAS IV,2,0,6,1,14,0,2,0,2,1,1,2,2,1,0,2,147,0,0,2,0,6,4,230,317,428,3417,0,4,0,5,0,1,4,0,12,15,3,3,6,0,0,6,2,0,0,1,1,0,1
ENSINO,6,16,3,10,33,2,36,0,2,0,80,2,0,0,14,265,4,11,2,0,216,14,35,0,0,0,0,5392,3,12,2,22,24,482,39,26,22,3,3,2,0,5,0,1,25,5,31,9,9,0
FARMÁCIA,0,0,0,0,1,2,20,23,0,2,0,26,90,22,0,0,0,0,0,0,0,38,72,0,9,1,0,0,1705,0,1,0,0,1,0,1,6,118,85,79,7,88,109,0,1,39,100,0,0,0
FILOSOFIA,1,32,2,9,1,0,0,0,12,0,0,0,0,0,62,5,0,4,24,0,44,1,0,0,0,0,0,2,0,1486,1,12,67,2,15,5,0,1,0,0,0,0,0,2,28,0,0,0,18,0
GEOCIÊNCIAS,0,1,0,0,110,26,0,1,0,11,9,1,0,0,1,0,121,0,0,1,1,0,0,12,5,2,12,0,0,0,1480,4,1,1,0,47,6,0,0,0,0,0,0,0,1,143,0,0,0,0
GEOGRAFIA,5,143,30,3,0,0,0,0,120,9,51,0,1,0,89,15,0,12,3,3,183,2,0,10,0,0,4,5,0,46,16,1881,127,20,2,1,0,0,0,0,0,0,0,22,77,0,6,9,66,0
HISTÓRIA,2,347,12,35,0,0,0,0,180,0,3,0,0,0,202,47,0,14,6,6,161,0,1,0,0,0,0,6,0,241,0,107,2441,16,42,0,0,0,0,0,0,0,0,1,60,0,0,7,74,0
INTERDISCIPLINAR,264,125,131,128,45,24,917,44,90,105,1326,19,52,26,57,150,118,191,242,84,208,207,158,75,86,206,143,1536,48,61,15,75,149,4723,114,30,546,81,44,54,31,85,49,113,119,55,183,120,79,13
LINGUÍSTICA E LITERATURA,2,1,1,691,1,0,0,0,1,0,0,0,0,0,3,6,1,7,3,0,15,1,0,0,0,0,0,2,0,13,0,0,7,2,8964,1,0,0,0,0,0,0,0,0,6,0,0,0,1,0
MATEMÁTICA / PROBABILIDADE E ESTATÍSTICA,0,0,0,0,156,0,0,0,0,1,0,0,0,0,0,3,218,0,0,5,2,0,0,1,5,4,6,16,0,1,31,0,0,0,0,2779,2,0,0,1,0,0,0,0,0,35,0,0,0,0
MATERIAIS,0,0,0,0,63,0,53,2,0,3,34,0,1,0,0,1,9,1,0,1,0,1,0,37,115,50,18,3,2,0,5,1,0,14,0,6,769,0,1,1,0,0,3,0,0,80,2,0,0,0
MEDICINA I,0,0,0,0,1,0,8,0,0,0,1,38,76,32,1,2,2,0,1,0,1,512,297,0,3,1,3,7,529,0,0,0,0,10,0,0,0,1352,316,818,10,347,549,0,13,3,310,1,0,0
MEDICINA II,0,0,0,0,4,6,6,3,0,1,2,18,55,90,0,0,2,0,1,3,0,447,326,1,0,2,12,3,605,0,0,0,1,7,0,1,3,627,601,459,13,266,489,0,17,13,391,0,0,0
MEDICINA III,0,0,0,0,0,0,1,0,0,0,0,1,3,2,0,0,0,0,0,1,0,118,53,0,0,0,0,0,81,2,0,0,0,2,0,0,0,177,45,714,3,83,242,0,1,0,64,1,0,0
MEDICINA VETERINÁRIA,0,0,0,0,0,18,6,210,0,333,0,7,12,11,0,0,1,0,0,0,0,1,0,0,0,0,0,0,1,0,2,0,0,0,1,0,0,0,1,1,2657,5,1,0,0,0,0,0,0,465
NUTRIÇÃO,0,0,0,0,0,0,2,38,0,0,4,6,9,1,1,0,0,0,0,0,0,81,47,0,1,1,0,1,63,0,0,0,0,4,0,0,0,47,7,27,7,618,44,0,2,0,73,0,0,1
ODONTOLOGIA,0,0,0,0,0,0,5,0,0,0,1,2,2,3,0,0,0,0,2,2,0,216,105,0,1,1,0,2,243,0,0,0,2,2,0,0,3,136,73,226,0,100,3749,0,0,0,219,0,0,0
PLANEJAMENTO URBANO E REGIONAL / DEMOGRAFIA,227,7,279,3,0,0,0,0,13,4,30,0,0,0,1,4,1,81,89,163,11,1,1,9,0,1,2,3,0,3,0,47,7,38,1,0,1,0,0,0,1,0,0,372,7,0,6,129,8,0
PSICOLOGIA,13,234,7,25,0,9,0,0,114,0,0,1,16,1,172,3,0,12,6,1,421,33,18,0,0,0,0,4,4,289,0,164,187,23,11,0,0,5,3,0,3,2,1,1,2857,0,32,42,134,0
QUÍMICA,0,0,1,0,268,1,4,8,0,5,1,4,8,1,0,6,155,0,0,0,3,0,0,3,47,1,4,25,6,2,161,0,0,0,0,95,44,0,0,0,1,0,2,0,0,3240,0,0,0,0
SAÚDE COLETIVA,5,9,3,1,1,3,1,2,4,0,8,3,3,6,1,1,0,1,9,6,5,242,663,4,1,2,0,10,147,1,0,2,1,23,0,0,0,87,75,99,2,297,218,3,32,0,2235,14,5,0
SERVIÇO SOCIAL,66,5,29,0,0,0,0,0,8,1,1,0,0,0,2,0,0,65,129,29,20,2,3,0,0,0,0,1,1,4,0,10,7,14,3,0,0,0,0,0,0,0,0,44,18,0,27,909,21,0
SOCIOLOGIA,15,437,16,15,0,0,0,0,346,0,9,0,0,0,156,6,0,58,25,15,183,1,0,0,0,0,0,1,0,148,0,185,340,29,10,0,0,0,0,0,0,0,0,18,215,0,3,50,340,0
ZOOTECNIA / RECURSOS PESQUEIROS,1,0,0,0,1,26,2,146,0,545,2,5,2,0,0,0,0,0,1,1,0,0,0,0,0,0,0,0,0,1,0,0,0,2,0,0,1,1,0,0,520,1,1,0,0,0,0,0,0,1811
