fold,modelo_a,modelo_b,ambos_acertam,ambos_erram,somente_a_acerta,somente_b_acerta
global,LinearSVC,XGBoost,599435,216719,42862,158718
global,LinearSVC,Random Forest,536282,283529,106015,91908
global,XGBoost,Random Forest,586436,217827,171717,41754
1,LinearSVC,XGBoost,120410,43006,8500,31631
1,LinearSVC,Random Forest,107728,56209,21182,18428
1,XGBoost,Random Forest,117834,43184,34207,8322
2,LinearSVC,XGBoost,119878,43368,8432,31869
2,LinearSVC,Random Forest,107178,56612,21132,18625
2,XGBoost,Random Forest,117326,43323,34421,8477
3,LinearSVC,XGBoost,119676,43458,8757,31656
3,LinearSVC,Random Forest,107019,56963,21414,18151
3,XGBoost,Random Forest,116919,43964,34413,8251
4,LinearSVC,XGBoost,119788,43447,8495,31817
4,LinearSVC,Random Forest,107125,56817,21158,18447
4,XGBoost,Random Forest,117281,43651,34324,8291
5,LinearSVC,XGBoost,119683,43440,8678,31745
5,LinearSVC,Random Forest,107232,56928,21129,18257
5,XGBoost,Random Forest,117076,43705,34352,8413
