fold,tipo,quantidade,percentual
global,tres_concordam,626715,61.57945003311278
global,exatamente_dois_concordam,324540,31.88848952673292
global,tres_discordam,66479,6.532060440154304
1,tres_concordam,125621,61.71596731958712
1,exatamente_dois_concordam,64719,31.795604946277763
1,tres_discordam,13207,6.488427734135114
2,tres_concordam,125276,61.54647329609378
2,exatamente_dois_concordam,65007,31.937095609367862
2,tres_discordam,13264,6.516431094538362
3,tres_concordam,125064,61.442320446874675
3,exatamente_dois_concordam,65233,32.04812647693162
3,tres_discordam,13250,6.509553076193705
4,tres_concordam,125425,61.619675062761914
4,exatamente_dois_concordam,64616,31.74500238274207
4,tres_discordam,13506,6.635322554496013
5,tres_concordam,125329,61.57281400764446
5,exatamente_dois_concordam,64965,31.91661835653857
5,tres_discordam,13252,6.510567635816965
