modelo,fold,accuracy,precision_macro,recall_macro,f1_macro,precision_weighted,recall_weighted,f1_weighted,n_documentos,auc_roc,auc_status
LinearSVC,1,0.6333181034355702,0.5582315660191314,0.6087068272721055,0.5706803813103708,0.6474074975378813,0.6333181034355702,0.6277624361734687,203547,,não calculada: entrada baseada em rótulos
LinearSVC,2,0.6303703812878598,0.5549516028309694,0.6047920918667287,0.5671269782776056,0.6438981346698498,0.6303703812878598,0.6245630950421458,203547,,não calculada: entrada baseada em rótulos
LinearSVC,3,0.6309746643281404,0.55573926051431,0.6068308285575554,0.5683855052094152,0.6452027610086565,0.6309746643281404,0.6253689640034695,203547,,não calculada: entrada baseada em rótulos
LinearSVC,4,0.6302377337912128,0.5545220849388721,0.6058167229512025,0.567598681381849,0.6426295683441335,0.6302377337912128,0.6240739918002401,203547,,não calculada: entrada baseada em rótulos
LinearSVC,5,0.6306240358444775,0.5561413696190705,0.6074338108367888,0.5688228156997515,0.6449021984594713,0.6306240358444775,0.6245599521785747,203546,,não calculada: entrada baseada em rótulos
XGBoost,1,0.7469577051000506,0.7128870401724113,0.690731598570067,0.6980695749124074,0.745316126729379,0.7469577051000506,0.744897395267537,203547,,não calculada: entrada baseada em rótulos
XGBoost,2,0.7455133212476726,0.7120897180550915,0.6894494823510112,0.6970483083204602,0.7438368910310293,0.7455133212476726,0.7434368059266795,203547,,não calculada: entrada baseada em rótulos
XGBoost,3,0.7434744800955062,0.7109552642555488,0.6868979660340089,0.6950941094125036,0.741789690825446,0.7434744800955062,0.7414426026715703,203547,,não calculada: entrada baseada em rótulos
XGBoost,4,0.7448156936727144,0.7109348584587464,0.6910038562832671,0.697575839327006,0.7430810669949818,0.7448156936727144,0.7428053428785226,203547,,não calculada: entrada baseada em rótulos
XGBoost,5,0.7439497705678323,0.7115280970398934,0.688748894038659,0.6962671052758644,0.7424733404894797,0.7439497705678323,0.7419755704077838,203546,,não calculada: entrada baseada em rótulos
Random Forest,1,0.6197880587775796,0.5630677560704664,0.5982477579130729,0.5660283897212968,0.63998225990136,0.6197880587775796,0.6146507710144118,203547,,não calculada: entrada baseada em rótulos
Random Forest,2,0.6180538155806767,0.5620395826485125,0.5951726721351358,0.5633253644447759,0.6391690700155741,0.6180538155806767,0.6127008525455346,203547,,não calculada: entrada baseada em rótulos
Random Forest,3,0.6149439687148422,0.5565421096432974,0.5918778796469197,0.5597689817478679,0.6350100987983037,0.6149439687148422,0.6096202772217494,203547,,não calculada: entrada baseada em rótulos
Random Forest,4,0.6169189425538082,0.55888569180844,0.5943923813655313,0.5620396169907339,0.6370882421888255,0.6169189425538082,0.6115552811305716,203547,,não calculada: entrada baseada em rótulos
Random Forest,5,0.61651420317766,0.5578418063712947,0.5954395470180889,0.5621193192063108,0.6365526871383919,0.61651420317766,0.611377845204667,203546,,não calculada: entrada baseada em rótulos
Hard Voting,1,0.7105533365758276,0.6583206888297859,0.6718071269697685,0.6599229548033604,0.7102201485928319,0.7105533365758276,0.7065612830902309,203547,,não calculada: entrada baseada em rótulos
Hard Voting,2,0.7078610836809189,0.6568858963997954,0.6689927067582717,0.6577254996802193,0.7073386782216875,0.7078610836809189,0.7037516080828192,203547,,não calculada: entrada baseada em rótulos
Hard Voting,3,0.706126840484016,0.6542979340520373,0.6676422258492977,0.6559043374463199,0.7055057591113574,0.706126840484016,0.7020293548951305,203547,,não calculada: entrada baseada em rótulos
Hard Voting,4,0.708023208399043,0.6555266976042852,0.6697041007483948,0.6576469553443038,0.7073518996067854,0.708023208399043,0.7039236839456907,203547,,não calculada: entrada baseada em rótulos
Hard Voting,5,0.7073830976781661,0.6555329146293225,0.6704223808101086,0.6578827172560938,0.7070401629540249,0.7073830976781661,0.7033069570170258,203546,,não calculada: entrada baseada em rótulos
Hard Voting Ponderado,1,0.7105533365758276,0.6583206888297859,0.6718071269697685,0.6599229548033604,0.7102201485928319,0.7105533365758276,0.7065612830902309,203547,,não calculada: entrada baseada em rótulos
Hard Voting Ponderado,2,0.7078610836809189,0.6568858963997954,0.6689927067582717,0.6577254996802193,0.7073386782216875,0.7078610836809189,0.7037516080828192,203547,,não calculada: entrada baseada em rótulos
Hard Voting Ponderado,3,0.706126840484016,0.6542979340520373,0.6676422258492977,0.6559043374463199,0.7055057591113574,0.706126840484016,0.7020293548951305,203547,,não calculada: entrada baseada em rótulos
Hard Voting Ponderado,4,0.708023208399043,0.6555266976042852,0.6697041007483948,0.6576469553443038,0.7073518996067854,0.708023208399043,0.7039236839456907,203547,,não calculada: entrada baseada em rótulos
Hard Voting Ponderado,5,0.7073830976781661,0.6555329146293225,0.6704223808101086,0.6578827172560938,0.7070401629540249,0.7073830976781661,0.7033069570170258,203546,,não calculada: entrada baseada em rótulos
