fold,modelo,f1_macro_outros_folds,peso_normalizado,prioridade_desempate,fallback_pesos_uniformes
1,LinearSVC,0.5679858386267285,0.3110030087580927,2,False
1,XGBoost,0.6965085183375347,0.38137613668739956,1,False
1,Random Forest,0.5618089990541495,0.30762085455450777,3,False
2,LinearSVC,0.5688719869227167,0.3111774318768076,2,False
2,XGBoost,0.6967676070968881,0.3811373377061959,1,False
2,Random Forest,0.5624877977763664,0.3076852304169966,3,False
3,LinearSVC,0.5685577951784709,0.3108261252664771,2,False
3,XGBoost,0.6972540673834905,0.38118337648166684,1,False
3,Random Forest,0.5633709150795112,0.3079904982518561,3,False
4,LinearSVC,0.5687556029275026,0.3111026382010122,2,False
4,XGBoost,0.6966295747826081,0.38104819969807613,1,False
4,Random Forest,0.5628076213493867,0.3078491621009117,3,False
5,LinearSVC,0.5684486183161256,0.31093392465811376,2,False
5,XGBoost,0.6969605714070726,0.3812282743187998,1,False
5,Random Forest,0.5627882928807381,0.30783780102308644,3,False
